{"stats":{"minecraft:mined":{"minecraft:farmland":109,"minecraft:obsidian":8,"minecraft:grass_block":1,"minecraft:redstone_wire":2,"allthecompressed:sand_1x":64,"minecraft:barrel":2,"minecraft:iron_ore":6,"minecraft:fire":1,"minecraft:bookshelf":3,"minecraft:pointed_dripstone":1,"minecraft:cobblestone_slab":18,"minecraft:oak_slab":4,"minecraft:torch":4,"minecraft:chest":6,"minecraft:cobblestone":5,"minecraft:oak_planks":1,"minecraft:sugar_cane":53,"minecraft:bricks":1,"minecraft:cactus":1,"minecraft:coarse_dirt":2,"minecraft:wheat":4,"cobblefordays:tier_2":2,"minecraft:redstone_torch":1,"minecraft:ice":2,"minecraft:oak_log":26,"minecraft:sand":10,"minecraft:gravel":5,"allthecompressed:cobblestone_1x":560,"minecraft:oak_leaves":2},"minecraft:crafted":{"minecraft:brick":0,"minecraft:coarse_dirt":41,"minecraft:oak_planks":54,"minecraft:cobblestone_slab":378,"minecraft:iron_nugget":1,"thermal:machine_furnace":1,"forbidden_arcanus:rotten_leather":1,"minecraft:sand":1,"exdeorum:diamond_mesh":9,"allthecompressed:cobblestone_1x":388,"alltheores:copper_gear":2,"minecraft:bookshelf":7,"forcecraft:infuser":1,"thermal:machine_frame":1,"alltheores:tin_ingot":0,"minecraft:glass":0,"minecraft:diamond_helmet":1,"alltheores:tin_ore":16,"minecraft:diamond_leggings":1,"minecraft:leather":1,"minecraft:stone_pickaxe":1,"minecraft:diamond_boots":1,"minecraft:bricks":3,"alltheores:tin_gear":1,"exdeorum:stone_hammer":10,"exdeorum:iron_mesh":8,"exdeorum:golden_mesh":8,"forcecraft:force_nugget":9,"minecraft:oak_slab":3,"minecraft:diamond_sword":1,"exdeorum:oak_barrel":1,"minecraft:crafting_table":1,"minecraft:enchanting_table":2,"minecraft:gold_ore":40,"minecraft:gravel":2,"minecraft:copper_ore":32,"exdeorum:compressed_stone_hammer":13,"minecraft:air":1042,"cobblefordays:tier_3":1,"minecraft:shield":1,"minecraft:book":9,"minecraft:paper":30,"minecraft:diamond_pickaxe":1,"minecraft:cobblestone":104,"exdeorum:flint_mesh":1,"constructionwand:stone_wand":5,"minecraft:stick":32,"minecraft:iron_ingot":38,"minecraft:blackstone":1,"minecraft:iron_ore":31,"minecraft:gold_ingot":38,"minecraft:redstone_torch":4,"thermal:rf_coil":1,"forcecraft:force_rod":1,"minecraft:diamond_chestplate":1},"minecraft:picked_up":{"exdeorum:gold_ore_chunk":190,"exdeorum:mycelium_spores":4,"minecraft:coarse_dirt":11,"minecraft:crafting_table":1,"minecraft:wheat":2,"exdeorum:dust":583,"minecraft:clay_ball":4,"minecraft:lead":3,"mekanism:alloy_infused":1,"minecraft:enchanted_book":1,"exdeorum:iron_ore_chunk":356,"exdeorum:stone_hammer":3,"exdeorum:grass_seeds":8,"exdeorum:blackstone_pebble":30,"minecraft:string":43,"exdeorum:granite_pebble":72,"minecraft:wooden_sword":1,"minecraft:blackstone":5,"exdeorum:golden_mesh":9,"forcecraft:force_ingot":4,"mysticalagriculture:inferium_essence":2,"exdeorum:iron_mesh":10,"minecraft:bucket":1,"minecraft:redstone_torch":4,"minecraft:cobblestone_slab":15,"exdeorum:zinc_ore_chunk":183,"minecraft:iron_nugget":8,"minecraft:sugar_cane":105,"minecraft:chest":9,"xycraft_world:xychorium_gem_green":29,"minecraft:phantom_membrane":2,"croptopia:scrambled_eggs":1,"minecraft:stick":8,"botania:lexicon":1,"minecraft:raw_iron":6,"minecraft:torch":22,"supplementaries:pedestal":1,"minecraft:pointed_dripstone":63,"minecraft:carrot":4,"minecraft:redstone":62,"exdeorum:silk_worm":5,"minecraft:cactus":6,"minecraft:rotten_flesh":25,"xycraft_world:xychorium_gem_blue":18,"ae2:certus_quartz_dust":66,"exdeorum:diorite_pebble":103,"forcecraft:force_rod":1,"exdeorum:tin_ore_chunk":267,"exdeorum:andesite_pebble":62,"supplementaries:ash":1,"minecraft:obsidian":8,"minecraft:blaze_powder":19,"minecraft:cobblestone":815,"minecraft:stripped_oak_log":2,"exdeorum:crook":4,"exdeorum:osmium_ore_chunk":135,"exdeorum:basalt_pebble":58,"minecraft:water_bucket":1,"minecraft:andesite":13,"minecraft:leather":6,"enderio:grains_of_infinity":56,"forcecraft:force_gem":87,"minecraft:potato":7,"minecraft:ice":1,"minecraft:flint":364,"minecraft:oak_log":41,"minecraft:gunpowder":90,"exdeorum:nickel_ore_chunk":225,"minecraft:lapis_lazuli":247,"minecraft:dirt":150,"ae2:sky_dust":44,"minecraft:bone":5,"minecraft:wheat_seeds":40,"minecraft:cobbled_deepslate_slab":12,"exdeorum:stone_pebble":272,"minecraft:stone_pickaxe":5,"exdeorum:wood_chippings":18,"minecraft:glowstone_dust":165,"minecraft:oak_planks":114,"minecraft:book":9,"minecraft:oak_slab":8,"allthecompressed:sand_1x":3,"exdeorum:deepslate_pebble":183,"exdeorum:lead_ore_chunk":137,"allthecompressed:gravel_1x":2,"xycraft_world:xychorium_gem_red":35,"minecraft:gravel":3379,"minecraft:lava_bucket":1,"exdeorum:flint_mesh":10,"minecraft:sand":31,"minecraft:amethyst_shard":128,"minecraft:barrel":2,"minecraft:spider_eye":1,"exdeorum:silver_ore_chunk":163,"xycraft_world:xychorium_gem_dark":17,"forbidden_arcanus:arcane_crystal":26,"xycraft_world:xychorium_gem_light":20,"minecraft:pumpkin_seeds":9,"exdeorum:aluminum_ore_chunk":192,"minecraft:clay":2,"minecraft:diamond":104,"constructionwand:stone_wand":4,"cobblefordays:tier_2":2,"minecraft:bone_meal":64,"exdeorum:copper_ore_chunk":219,"minecraft:emerald":67,"minecraft:melon_seeds":4,"minecraft:oak_sapling":38,"minecraft:coal":300,"absentbydesign:slab_wool_white":18},"minecraft:killed":{"minecraft:spider":6,"minecraft:skeleton":1,"minecraft:creeper":2,"minecraft:zombie":1,"minecraft:enderman":1},"minecraft:broken":{"constructionwand:stone_wand":6},"minecraft:custom":{"minecraft:mob_kills":11,"minecraft:interact_with_crafting_table":47,"minecraft:open_barrel":10,"minecraft:damage_dealt_resisted":0,"minecraft:leave_game":1,"minecraft:time_since_death":269690,"minecraft:climb_one_cm":3114,"minecraft:sprint_one_cm":127999,"minecraft:walk_one_cm":688952,"minecraft:drop":117,"minecraft:talked_to_villager":2,"minecraft:play_time":269690,"minecraft:sneak_time":12857,"minecraft:walk_under_water_one_cm":30,"minecraft:jump":1046,"minecraft:walk_on_water_one_cm":1806,"minecraft:total_world_time":269690,"minecraft:interact_with_furnace":58,"minecraft:sleep_in_bed":4,"minecraft:time_since_rest":27882,"minecraft:damage_taken":783,"minecraft:use_wand":526,"minecraft:damage_dealt":3858,"minecraft:fly_one_cm":162483,"minecraft:open_chest":245,"minecraft:crouch_one_cm":52458,"tombstone:undead_killed":2,"minecraft:fall_one_cm":15345},"minecraft:used":{"minecraft:enchanting_table":1,"minecraft:redstone":2,"minecraft:chest":15,"allthecompressed:cobblestone_1x":383,"minecraft:torch":3,"minecraft:dirt":5,"cobblefordays:tier_2":1,"forcecraft:infuser":1,"exdeorum:silk_worm":2,"minecraft:wooden_axe":5,"minecraft:lava_bucket":11,"minecraft:bricks":1,"minecraft:bookshelf":7,"minecraft:barrel":2,"exdeorum:stone_hammer":1,"minecraft:oak_sapling":2,"minecraft:cooked_beef":12,"minecraft:pointed_dripstone":1,"minecraft:wheat_seeds":1,"minecraft:water_bucket":27,"minecraft:iron_ore":6,"minecraft:stone_pickaxe":30,"minecraft:oak_planks":1,"minecraft:cactus":1,"minecraft:cobblestone_slab":329,"minecraft:sugar_cane":19,"minecraft:sand":40,"minecraft:oak_slab":15,"minecraft:crafting_table":1,"constructionwand:stone_wand":94,"thermal:machine_furnace":1,"minecraft:redstone_torch":4,"exdeorum:oak_barrel":1,"minecraft:wooden_hoe":114,"minecraft:diamond_pickaxe":10,"cobblefordays:tier_3":1,"allthecompressed:sand_1x":64,"minecraft:gravel":4,"minecraft:diamond_sword":92,"minecraft:wooden_sword":24,"minecraft:cobblestone":5,"minecraft:bucket":32,"exdeorum:compressed_stone_hammer":635,"minecraft:ice":1,"exdeorum:mycelium_spores":4,"minecraft:coarse_dirt":115,"minecraft:bone_meal":1},"minecraft:dropped":{"exdeorum:basalt_pebble":2,"minecraft:clay":2,"minecraft:oak_slab":4,"minecraft:wheat_seeds":41,"minecraft:lapis_lazuli":11,"minecraft:oak_log":7,"exdeorum:deepslate_pebble":60,"exdeorum:zinc_ore_chunk":3,"exdeorum:copper_ore_chunk":1,"constructionwand:stone_wand":3,"ironfurnaces:upgrade_iron":1,"exdeorum:iron_mesh":1,"minecraft:coal":4,"minecraft:flint":35,"exdeorum:gold_ore_chunk":4,"minecraft:lava_bucket":1,"minecraft:dirt":43,"minecraft:torch":13,"exdeorum:silk_worm":4,"absentbydesign:slab_wool_white":12,"exdeorum:crook":2,"minecraft:wooden_sword":1,"exdeorum:granite_pebble":36,"minecraft:bone_meal":71,"allthecompressed:sand_1x":1,"minecraft:cactus":2,"minecraft:string":12,"exdeorum:stone_pebble":31,"exdeorum:lead_ore_chunk":33,"minecraft:gold_ingot":4,"minecraft:bone":6,"minecraft:gravel":384,"forcecraft:force_rod":1,"minecraft:blackstone":5,"minecraft:sugar_cane":2,"exdeorum:wood_chippings":12,"minecraft:wheat":2,"xycraft_world:xychorium_gem_blue":1,"minecraft:pointed_dripstone":9,"minecraft:oak_planks":80,"minecraft:glowstone_dust":98,"exdeorum:silver_ore_chunk":1,"minecraft:pumpkin_seeds":9,"ae2:sky_dust":3,"minecraft:cobblestone_slab":66,"botania:lexicon":2,"exdeorum:aluminum_ore_chunk":10,"minecraft:oak_sapling":8,"minecraft:chest":2,"minecraft:redstone_torch":4,"exdeorum:diorite_pebble":4,"minecraft:glass":1,"minecraft:stone_pickaxe":4,"exdeorum:andesite_pebble":2,"exdeorum:stone_hammer":2}},"DataVersion":3465}