{"stats":{"minecraft:mined":{"minecraft:farmland":4,"minecraft:cherry_log":5,"functionalstorage:oak_1":1,"minecraft:granite":6,"minecraft:grass_block":2,"minecraft:cobbled_deepslate":1,"minecraft:andesite":5,"minecraft:cobblestone_slab":26,"bloodmagic:blankrune":2,"minecraft:iron_block":2,"minecraft:oak_slab":2,"exdeorum:infested_leaves":2,"minecraft:basalt":10,"minecraft:torch":3,"minecraft:andesite_slab":3,"minecraft:cobblestone":35,"minecraft:sugar_cane":39,"bloodmagic:altar":1,"minecraft:coarse_dirt":6,"minecraft:oak_log":2,"minecraft:dirt":9,"minecraft:oak_leaves":14},"minecraft:crafted":{"minecraft:coarse_dirt":40,"minecraft:cobbled_deepslate_slab":2,"minecraft:oak_planks":15,"minecraft:cobblestone_slab":3325,"minecraft:iron_nugget":11,"minecraft:cobbled_deepslate":10,"mysticalagriculture:wand":1,"minecraft:furnace":1,"minecraft:stone":0,"allthecompressed:cobblestone_1x":49,"minecraft:oak_trapdoor":2,"minecraft:granite":12,"minecraft:basalt":18,"minecraft:glass":0,"alltheores:tin_ore":1,"silentgear:rough_rod":4,"exdeorum:string_mesh":2,"minecraft:chest":6,"create:basin":1,"exdeorum:stone_hammer":1,"exdeorum:iron_mesh":1,"constructionwand:diamond_wand":2,"exdeorum:golden_mesh":1,"create:andesite_alloy":7,"minecraft:diamond_sword":1,"absentbydesign:slab_basalt":2,"minecraft:wooden_pickaxe":1,"functionalstorage:oak_4":4,"bloodmagic:sacrificialdagger":1,"minecraft:campfire":1,"bloodmagic:altar":1,"minecraft:air":1279,"minecraft:cobblestone":678,"exdeorum:flint_mesh":2,"constructionwand:stone_wand":21,"minecraft:stick":74,"minecraft:andesite_slab":67,"minecraft:blackstone":11,"bloodmagic:blankrune":2,"minecraft:iron_block":3,"exdeorum:oak_sieve":2,"minecraft:anvil":1,"create:shaft":1,"minecraft:andesite":43,"minecraft:torch":8},"minecraft:killed_by":{"minecraft:player":1,"minecraft:spider":1},"minecraft:picked_up":{"croptopia:toast":4,"exdeorum:gold_ore_chunk":5,"functionalstorage:oak_1":4,"minecraft:coarse_dirt":1,"minecraft:iron_chestplate":1,"minecraft:wheat":31,"minecraft:clay_ball":3,"minecraft:lead":1,"minecraft:wooden_pickaxe":1,"exdeorum:iron_ore_chunk":6,"exdeorum:blackstone_pebble":89,"minecraft:oak_trapdoor":2,"minecraft:string":17,"exdeorum:string_mesh":2,"exdeorum:granite_pebble":87,"minecraft:wooden_sword":2,"minecraft:iron_leggings":1,"bloodmagic:altar":1,"mysticalagriculture:inferium_essence":8,"exdeorum:iron_mesh":1,"minecraft:cobblestone_slab":100,"exdeorum:zinc_ore_chunk":4,"minecraft:iron_nugget":8,"minecraft:sugar_cane":53,"minecraft:phantom_membrane":1,"minecraft:iron_boots":1,"minecraft:egg":1,"botania:lexicon":1,"minecraft:stick":2,"minecraft:copper_ingot":4,"minecraft:torch":6,"powah:book":1,"minecraft:cherry_log":4,"tombstone:grave_dust":2,"minecraft:pointed_dripstone":4,"minecraft:cactus":1,"minecraft:arrow":2,"minecraft:rotten_flesh":21,"powah:wrench":1,"exdeorum:diorite_pebble":91,"bloodmagic:blankrune":2,"exdeorum:tin_ore_chunk":8,"minecraft:iron_block":2,"exdeorum:andesite_pebble":75,"minecraft:gold_ingot":4,"exdeorum:crushed_deepslate":1,"minecraft:white_wool":1,"minecraft:cobblestone":379,"exdeorum:osmium_ore_chunk":4,"exdeorum:basalt_pebble":89,"minecraft:basalt":10,"minecraft:leather":3,"enderio:grains_of_infinity":1,"forcecraft:force_gem":3,"minecraft:ice":1,"minecraft:flint":43,"minecraft:oak_log":4,"minecraft:chainmail_chestplate":1,"minecraft:gunpowder":6,"minecraft:lapis_lazuli":15,"exdeorum:nickel_ore_chunk":8,"minecraft:dirt":7,"silentgear:rough_rod":8,"bloodmagic:weakbloodorb":1,"minecraft:bone":2,"minecraft:wheat_seeds":117,"exdeorum:stone_pebble":465,"minecraft:iron_ingot":7,"everlastingabilities:ability_totem":2,"minecraft:stone_pickaxe":2,"forcecraft:pile_of_gunpowder":2,"minecraft:glowstone_dust":4,"bloodmagic:sacrificialdagger":1,"minecraft:book":6,"silentgear:fine_silk":1,"allthecompressed:sand_1x":2,"exdeorum:deepslate_pebble":65,"exdeorum:lead_ore_chunk":6,"allthecompressed:gravel_1x":1,"patchouli:guide_book":2,"xycraft_world:xychorium_gem_red":1,"minecraft:gravel":24,"minecraft:lava_bucket":1,"minecraft:sand":143,"minecraft:amethyst_shard":5,"forcecraft:recovery_heart":3,"exdeorum:silver_ore_chunk":5,"minecraft:spider_eye":2,"minecraft:barrel":1,"xycraft_world:xychorium_gem_dark":1,"forbidden_arcanus:ender_pearl_fragment":1,"forbidden_arcanus:arcane_crystal":1,"minecraft:diamond_shovel":1,"exdeorum:aluminum_ore_chunk":11,"minecraft:diamond":9,"constructionwand:stone_wand":1,"minecraft:iron_helmet":1,"exdeorum:copper_ore_chunk":8,"minecraft:bread":6,"tombstone:magic_scroll":1,"minecraft:oak_sapling":2,"minecraft:coal":13,"minecraft:andesite_slab":3,"minecraft:ender_pearl":1,"minecraft:wooden_axe":1},"minecraft:killed":{"minecraft:spider":8,"minecraft:phantom":2,"minecraft:skeleton":3,"minecraft:creeper":4,"minecraft:zombie":14,"minecraft:enderman":1},"minecraft:broken":{"constructionwand:stone_wand":17},"minecraft:custom":{"minecraft:mob_kills":32,"minecraft:interact_with_anvil":1,"minecraft:interact_with_crafting_table":30,"minecraft:open_barrel":1,"minecraft:interact_with_campfire":4,"minecraft:damage_dealt_resisted":18,"minecraft:leave_game":2,"minecraft:time_since_death":94861,"minecraft:climb_one_cm":4296,"minecraft:damage_resisted":0,"minecraft:sprint_one_cm":311706,"minecraft:walk_one_cm":623515,"minecraft:drop":230,"minecraft:damage_dealt_absorbed":26,"minecraft:talked_to_villager":2,"minecraft:play_time":309967,"minecraft:deaths":4,"minecraft:sneak_time":24721,"minecraft:walk_under_water_one_cm":713,"minecraft:jump":1333,"minecraft:walk_on_water_one_cm":1733,"minecraft:total_world_time":309967,"minecraft:interact_with_furnace":12,"tombstone:raider_killed":2,"minecraft:sleep_in_bed":3,"minecraft:time_since_rest":94572,"minecraft:damage_taken":2832,"minecraft:use_wand":3859,"minecraft:damage_dealt":6197,"minecraft:fly_one_cm":281795,"minecraft:player_kills":1,"minecraft:open_chest":246,"minecraft:crouch_one_cm":79052,"tombstone:undead_killed":19,"minecraft:fall_one_cm":63642},"minecraft:used":{"bloodmagic:blankrune":4,"minecraft:chest":2,"minecraft:iron_sword":95,"allthecompressed:cobblestone_1x":49,"minecraft:rotten_flesh":3,"minecraft:torch":24,"minecraft:dirt":14,"minecraft:anvil":1,"minecraft:granite":12,"minecraft:wooden_axe":53,"supplementaries:pedestal":1,"minecraft:iron_block":2,"exdeorum:crushed_deepslate":1,"minecraft:basalt":16,"exdeorum:stone_hammer":21,"constructionwand:diamond_wand":24,"tombstone:gift":4,"minecraft:egg":1,"minecraft:cooked_beef":25,"minecraft:cobbled_deepslate":4,"exdeorum:oak_sieve":2,"minecraft:stone_pickaxe":25,"minecraft:oak_planks":1,"minecraft:blackstone":6,"minecraft:andesite_slab":75,"minecraft:ender_pearl":1,"minecraft:wooden_pickaxe":48,"minecraft:cobblestone_slab":3994,"minecraft:sugar_cane":22,"minecraft:oak_leaves":4,"constructionwand:stone_wand":389,"minecraft:campfire":1,"minecraft:wooden_hoe":21,"functionalstorage:oak_4":1,"minecraft:bread":3,"allthecompressed:gravel_1x":1,"croptopia:toast":2,"create:basin":1,"minecraft:cobblestone":30,"bloodmagic:altar":2,"minecraft:andesite":5,"minecraft:coarse_dirt":41},"minecraft:dropped":{"minecraft:bread":9,"minecraft:iron_ingot":17,"minecraft:clay":2,"minecraft:oak_slab":3,"xycraft_world:xychorium_gem_dark":1,"minecraft:wheat_seeds":49,"minecraft:lapis_lazuli":2,"minecraft:cherry_log":1,"minecraft:oak_log":4,"exdeorum:deepslate_pebble":7,"minecraft:diamond":1,"minecraft:lead":1,"exdeorum:copper_ore_chunk":7,"exdeorum:zinc_ore_chunk":4,"minecraft:cobblestone":337,"minecraft:book":6,"forcecraft:pile_of_gunpowder":2,"constructionwand:stone_wand":5,"minecraft:leather":3,"silentgear:fine_silk":1,"minecraft:copper_ingot":4,"botania:flower_bag":1,"silentgear:rough_rod":16,"everlastingabilities:ability_totem":1,"allthecompressed:gravel_1x":1,"exdeorum:iron_mesh":1,"exdeorum:iron_ore_chunk":6,"exdeorum:osmium_ore_chunk":3,"minecraft:coal":16,"botania:black_petal":3,"minecraft:flint":4,"exdeorum:gold_ore_chunk":5,"alltheores:tin_ore":1,"minecraft:lava_bucket":1,"minecraft:dirt":3,"constructionwand:diamond_wand":1,"minecraft:ice":1,"exdeorum:dust":3,"minecraft:wooden_hoe":1,"minecraft:wooden_axe":1,"croptopia:scrambled_eggs":1,"tombstone:grave_dust":2,"exdeorum:granite_pebble":8,"minecraft:wooden_sword":3,"minecraft:bone_meal":8,"absentbydesign:slab_basalt":12,"minecraft:phantom_membrane":1,"minecraft:sand":11,"allthecompressed:sand_1x":3,"minecraft:cactus":1,"minecraft:string":16,"exdeorum:stone_pebble":55,"minecraft:white_wool":1,"exdeorum:lead_ore_chunk":6,"minecraft:bone":7,"enderio:grains_of_infinity":1,"minecraft:redstone":4,"minecraft:gravel":65,"minecraft:blackstone":5,"minecraft:sugar_cane":31,"minecraft:oak_trapdoor":4,"minecraft:iron_nugget":21,"create:shaft":8,"minecraft:pointed_dripstone":4,"minecraft:rotten_flesh":33,"minecraft:clay_ball":7,"minecraft:diamond_shovel":1,"minecraft:glowstone_dust":4,"exdeorum:silver_ore_chunk":4,"functionalstorage:oak_4":3,"bloodmagic:weakbloodorb":2,"minecraft:cobbled_deepslate_slab":12,"patchouli:guide_book":1,"mekanism:alloy_infused":1,"xycraft_world:xychorium_gem_red":1,"functionalstorage:oak_1":3,"exdeorum:nickel_ore_chunk":2,"minecraft:cobblestone_slab":40,"minecraft:gunpowder":11,"botania:lexicon":1,"exdeorum:tin_ore_chunk":3,"minecraft:iron_chestplate":1,"forcecraft:force_gem":3,"exdeorum:aluminum_ore_chunk":3,"mysticalagriculture:inferium_essence":8,"bloodmagic:sacrificialdagger":1,"minecraft:oak_sapling":3,"minecraft:barrel":1,"exdeorum:diorite_pebble":19,"forbidden_arcanus:arcane_crystal":1,"minecraft:spider_eye":7,"exdeorum:andesite_pebble":2,"exdeorum:blackstone_pebble":13,"minecraft:arrow":2,"minecraft:basalt":6,"minecraft:stone_pickaxe":1,"minecraft:wooden_pickaxe":2,"powah:wrench":1,"exdeorum:basalt_pebble":13}},"DataVersion":3465}