{"stats":{"minecraft:mined":{"minecraft:oak_sapling":1,"minecraft:cherry_log":60,"minecraft:cherry_sapling":3,"minecraft:furnace":2,"minecraft:iron_ore":97,"minecraft:fire":2,"minecraft:cobblestone_slab":11,"minecraft:crafting_table":1,"minecraft:torch":1,"minecraft:chest":2,"minecraft:cobblestone":10,"minecraft:oak_planks":4,"minecraft:sugar_cane":71,"minecraft:wall_torch":1,"minecraft:coarse_dirt":50,"minecraft:wheat":144,"minecraft:oak_log":84,"minecraft:cherry_leaves":192,"minecraft:dirt":51,"minecraft:gold_ore":23,"minecraft:oak_leaves":621},"minecraft:crafted":{"minecraft:oak_planks":199,"minecraft:cobblestone_slab":101,"minecraft:iron_nugget":5,"minecraft:diamond_hoe":1,"minecraft:oak_pressure_plate":2,"minecraft:furnace":4,"alltheores:silver_ore":9,"ironjetpacks:basic_coil":2,"minecraft:cherry_sapling":8,"minecraft:diamond_shovel":1,"minecraft:bookshelf":3,"alltheores:tin_ingot":0,"minecraft:diamond_helmet":1,"minecraft:diamond_leggings":3,"minecraft:iron_boots":1,"minecraft:ladder":9,"ironjetpacks:strap":1,"minecraft:chest":23,"minecraft:diamond_boots":1,"minecraft:oak_button":1,"exdeorum:stone_hammer":1,"minecraft:oak_fence":10,"ironjetpacks:thruster":2,"minecraft:diamond_sword":1,"minecraft:diamond_axe":1,"minecraft:crafting_table":4,"minecraft:gold_ore":23,"minecraft:wooden_pickaxe":1,"minecraft:iron_helmet":1,"ironjetpacks:advanced_coil":11,"minecraft:iron_sword":1,"minecraft:bucket":1,"minecraft:bread":48,"minecraft:air":1012,"ironjetpacks:capacitor":1,"minecraft:oak_fence_gate":2,"ironjetpacks:cell":5,"minecraft:book":11,"minecraft:iron_chestplate":1,"minecraft:paper":23,"minecraft:cobblestone":35,"minecraft:diamond_pickaxe":1,"minecraft:stick":47,"minecraft:iron_ingot":93,"minecraft:iron_pickaxe":1,"minecraft:wooden_axe":2,"minecraft:gold_ingot":0,"minecraft:iron_leggings":1,"minecraft:iron_ore":99,"minecraft:torch":9,"minecraft:diamond_chestplate":1},"minecraft:killed_by":{"minecraft:zombie":1},"minecraft:picked_up":{"exdeorum:gold_ore_chunk":44,"minecraft:iron_chestplate":1,"minecraft:coarse_dirt":16,"minecraft:crafting_table":1,"minecraft:wheat":144,"constructionwand:diamond_wand":1,"minecraft:clay_ball":4,"minecraft:lead":4,"exdeorum:iron_ore_chunk":219,"exdeorum:blackstone_pebble":27,"minecraft:string":9,"exdeorum:granite_pebble":35,"minecraft:blackstone":5,"mysticalagriculture:inferium_essence":4,"reliquary:zombie_heart":1,"exdeorum:iron_mesh":1,"minecraft:cobblestone_slab":48,"exdeorum:zinc_ore_chunk":70,"minecraft:sugar_cane":74,"minecraft:chest":2,"xycraft_world:xychorium_gem_green":6,"minecraft:furnace":2,"minecraft:stick":124,"minecraft:raw_iron":97,"apotheosis:gem":1,"minecraft:torch":17,"minecraft:cherry_log":65,"minecraft:redstone":6,"exdeorum:silk_worm":3,"minecraft:arrow":11,"minecraft:rotten_flesh":14,"xycraft_world:xychorium_gem_blue":18,"exdeorum:diorite_pebble":36,"exdeorum:tin_ore_chunk":107,"exdeorum:andesite_pebble":33,"reliquary:mob_charm_fragment":1,"supplementaries:ash":1,"minecraft:blaze_powder":14,"minecraft:cobblestone":62,"exdeorum:crook":1,"minecraft:stripped_oak_log":1,"exdeorum:osmium_ore_chunk":53,"exdeorum:basalt_pebble":26,"minecraft:basalt":1,"minecraft:leather":7,"enderio:grains_of_infinity":12,"forcecraft:force_gem":10,"minecraft:ice":1,"minecraft:flint":67,"minecraft:oak_log":878,"absentbydesign:slab_basalt":12,"minecraft:gunpowder":11,"minecraft:dirt":154,"minecraft:lapis_lazuli":127,"exdeorum:nickel_ore_chunk":117,"bloodmagic:weakbloodorb":1,"minecraft:glass":1,"ae2:sky_dust":17,"minecraft:bone":6,"minecraft:apple":18,"minecraft:bow":2,"minecraft:wheat_seeds":444,"minecraft:raw_gold":23,"exdeorum:stone_pebble":189,"everlastingabilities:ability_totem":1,"forcecraft:pile_of_gunpowder":2,"minecraft:stone_pickaxe":1,"exdeorum:wood_chippings":6,"minecraft:glowstone_dust":5,"bloodmagic:sacrificialdagger":1,"minecraft:oak_planks":3,"exdeorum:deepslate_pebble":32,"exdeorum:lead_ore_chunk":145,"patchouli:guide_book":1,"xycraft_world:xychorium_gem_red":2,"minecraft:lava_bucket":1,"minecraft:gravel":1370,"minecraft:amethyst_shard":56,"forcecraft:recovery_heart":1,"minecraft:barrel":1,"exdeorum:silver_ore_chunk":72,"minecraft:spider_eye":1,"xycraft_world:xychorium_gem_dark":7,"minecraft:leather_helmet":1,"forbidden_arcanus:ender_pearl_fragment":1,"forbidden_arcanus:arcane_crystal":4,"minecraft:diamond_shovel":1,"xycraft_world:xychorium_gem_light":19,"minecraft:clay":4,"exdeorum:aluminum_ore_chunk":62,"minecraft:diamond":23,"constructionwand:stone_wand":5,"minecraft:iron_helmet":1,"minecraft:cherry_sapling":30,"minecraft:bone_meal":9,"exdeorum:copper_ore_chunk":129,"minecraft:emerald":48,"tombstone:magic_scroll":1,"minecraft:oak_sapling":200,"minecraft:oak_leaves":116,"minecraft:coal":160,"minecraft:ender_pearl":1},"minecraft:killed":{"minecraft:spider":2,"minecraft:skeleton":3,"forcecraft:creeper_tot":1,"minecraft:creeper":1,"minecraft:trader_llama":3,"minecraft:zombie":8},"minecraft:broken":{"constructionwand:stone_wand":1,"minecraft:wooden_axe":1},"minecraft:custom":{"minecraft:mob_kills":19,"minecraft:interact_with_crafting_table":50,"minecraft:damage_dealt_resisted":0,"minecraft:leave_game":3,"minecraft:time_since_death":183091,"minecraft:climb_one_cm":9785,"minecraft:sprint_one_cm":287600,"minecraft:walk_one_cm":921754,"minecraft:drop":57,"minecraft:talked_to_villager":33,"minecraft:play_time":273879,"minecraft:deaths":1,"minecraft:sneak_time":14952,"minecraft:jump":608,"minecraft:walk_on_water_one_cm":401,"minecraft:total_world_time":273879,"minecraft:interact_with_furnace":61,"minecraft:traded_with_villager":8,"minecraft:sleep_in_bed":1,"minecraft:time_since_rest":76228,"minecraft:damage_taken":1470,"minecraft:use_wand":209,"minecraft:damage_dealt":4305,"minecraft:player_kills":1,"minecraft:fly_one_cm":117868,"minecraft:open_chest":462,"minecraft:crouch_one_cm":42321,"tombstone:undead_killed":11,"minecraft:fall_one_cm":5298},"minecraft:used":{"minecraft:oak_fence":30,"minecraft:cherry_sapling":15,"minecraft:diamond_hoe":125,"minecraft:ladder":11,"minecraft:chest":25,"minecraft:iron_sword":2,"exdeorum:crook":26,"minecraft:torch":43,"minecraft:dirt":166,"minecraft:oak_fence_gate":2,"supplementaries:pedestal":1,"reliquary:mob_charm_fragment":1,"minecraft:wooden_axe":25,"minecraft:bookshelf":3,"powah:wrench":1,"minecraft:bow":1,"exdeorum:stone_hammer":19,"minecraft:oak_sapling":139,"minecraft:furnace":4,"minecraft:cooked_beef":1,"minecraft:wheat_seeds":89,"minecraft:water_bucket":2,"minecraft:iron_ore":97,"minecraft:stone_pickaxe":83,"minecraft:oak_planks":62,"minecraft:ender_pearl":2,"minecraft:wooden_pickaxe":6,"minecraft:diamond_axe":706,"minecraft:cobblestone_slab":269,"minecraft:sugar_cane":3,"minecraft:gold_ore":23,"minecraft:oak_leaves":135,"minecraft:crafting_table":4,"constructionwand:stone_wand":37,"minecraft:oak_log":262,"minecraft:wooden_hoe":51,"minecraft:diamond_pickaxe":38,"minecraft:diamond_shovel":50,"minecraft:bread":33,"minecraft:iron_pickaxe":7,"minecraft:oak_pressure_plate":2,"minecraft:gravel":1,"minecraft:diamond_sword":126,"minecraft:cobblestone":1,"minecraft:bucket":2,"minecraft:coarse_dirt":23},"minecraft:dropped":{"minecraft:bread":5,"minecraft:iron_ingot":7,"minecraft:clay":4,"minecraft:wheat_seeds":64,"minecraft:oak_log":53,"minecraft:ender_pearl":1,"minecraft:diamond":21,"minecraft:iron_helmet":2,"minecraft:cobblestone":1,"minecraft:lead":1,"constructionwand:stone_wand":3,"minecraft:leather":5,"minecraft:emerald":31,"minecraft:iron_leggings":1,"minecraft:bone_meal":3,"minecraft:gravel":320,"minecraft:sugar_cane":3,"minecraft:coarse_dirt":5,"forbidden_arcanus:ender_pearl_fragment":1,"minecraft:clay_ball":4,"minecraft:iron_boots":1,"minecraft:diamond_shovel":1,"exdeorum:nickel_ore_chunk":2,"minecraft:iron_chestplate":1,"forcecraft:force_gem":10,"exdeorum:aluminum_ore_chunk":2,"minecraft:oak_sapling":7,"bloodmagic:sacrificialdagger":1,"minecraft:bow":1,"minecraft:stone_pickaxe":1}},"DataVersion":3465}