{"stats":{"minecraft:custom":{"minecraft:mob_kills":11,"minecraft:interact_with_crafting_table":15,"minecraft:damage_dealt_resisted":0,"minecraft:leave_game":3,"minecraft:time_since_death":138527,"minecraft:climb_one_cm":4117,"minecraft:sprint_one_cm":371904,"minecraft:walk_one_cm":710598,"minecraft:drop":75,"minecraft:talked_to_villager":15,"minecraft:play_time":286946,"minecraft:deaths":4,"minecraft:sneak_time":10559,"minecraft:jump":1316,"minecraft:walk_on_water_one_cm":1763,"minecraft:total_world_time":286946,"minecraft:interact_with_furnace":78,"tombstone:raider_killed":1,"minecraft:sleep_in_bed":6,"minecraft:time_since_rest":19274,"minecraft:damage_taken":10207,"minecraft:use_wand":806,"minecraft:damage_dealt":2589,"minecraft:fly_one_cm":251160,"tombstone:undead_killed":2,"minecraft:open_chest":306,"minecraft:crouch_one_cm":25109,"minecraft:fall_one_cm":150538},"minecraft:killed_by":{"minecraft:player":1,"minecraft:creeper":1},"minecraft:broken":{"constructionwand:stone_wand":1,"exdeorum:crook":14},"minecraft:mined":{"minecraft:white_bed":8,"minecraft:oak_sapling":1,"minecraft:farmland":100,"minecraft:obsidian":1,"functionalstorage:oak_1":1,"minecraft:grass_block":3,"cobblefordays:tier_1":1,"allthecompressed:sand_1x":20,"minecraft:furnace":1,"minecraft:iron_ore":64,"minecraft:fire":28,"minecraft:cobblestone_slab":36,"mcwtrpdoors:oak_glass_trapdoor":11,"minecraft:oak_slab":2,"exdeorum:infested_leaves":412,"minecraft:crafting_table":1,"minecraft:oak_fence":2,"minecraft:clay":13,"minecraft:torch":1,"allthecompressed:gravel_1x":85,"functionalstorage:compacting_drawer":2,"minecraft:campfire":1,"minecraft:cobblestone":46,"minecraft:sugar_cane":32,"allthecompressed:netherrack_1x":64,"minecraft:coarse_dirt":1,"minecraft:ice":1,"exdeorum:stone_barrel":1,"minecraft:oak_log":353,"exdeorum:oak_barrel":2,"minecraft:gravel":17,"minecraft:sand":14,"minecraft:dirt":3,"allthecompressed:cobblestone_1x":416,"minecraft:oak_leaves":1968},"minecraft:used":{"exdeorum:compressed_diamond_hammer":64,"minecraft:chest":4,"exdeorum:crook":2073,"allthecompressed:cobblestone_1x":559,"thermal:device_rock_gen":2,"minecraft:netherrack":1,"minecraft:torch":16,"exdeorum:witch_water_bucket":1,"minecraft:dirt":3,"cobblefordays:tier_2":1,"exdeorum:silk_worm":12,"functionalstorage:simple_compacting_drawer":2,"minecraft:obsidian":1,"functionalstorage:compacting_drawer":2,"minecraft:wooden_axe":10,"minecraft:packed_ice":1,"minecraft:lava_bucket":7,"allthecompressed:netherrack_1x":64,"mekanism:basic_tier_installer":1,"exdeorum:porcelain_crucible":1,"ironfurnaces:iron_furnace":1,"cobblefordays:tier_1":1,"minecraft:magma_block":1,"exdeorum:stone_hammer":65,"pipez:item_pipe":3,"constructionwand:diamond_wand":27,"minecraft:furnace":3,"minecraft:oak_sapling":106,"tombstone:gift":2,"minecraft:cooked_beef":8,"exdeorum:oak_sieve":19,"minecraft:water_bucket":25,"mcwtrpdoors:oak_glass_trapdoor":23,"minecraft:iron_ore":64,"minecraft:stone_pickaxe":37,"minecraft:diamond_axe":116,"minecraft:sugar_cane":4,"minecraft:cobblestone_slab":81,"minecraft:clay":13,"minecraft:sand":13,"constructionwand:stone_wand":59,"minecraft:campfire":2,"minecraft:white_bed":12,"croptopia:scrambled_eggs":1,"exdeorum:stone_barrel":1,"minecraft:wooden_hoe":103,"exdeorum:oak_barrel":5,"minecraft:diamond_pickaxe":81,"minecraft:apple":8,"craftingstation:crafting_station":4,"allthecompressed:gravel_1x":84,"allthecompressed:sand_1x":20,"minecraft:gravel":17,"minecraft:diamond_sword":18,"croptopia:toast":11,"minecraft:wooden_sword":14,"exdeorum:oak_crucible":4,"minecraft:cobblestone":83,"functionalstorage:oak_1":3,"minecraft:bucket":43,"exdeorum:compressed_stone_hammer":520,"minecraft:ice":1,"minecraft:coarse_dirt":149},"minecraft:killed":{"minecraft:spider":2,"forcecraft:angry_enderman":1,"minecraft:phantom":1,"forcecraft:creeper_tot":1,"forcecraft:ender_tot":1,"minecraft:creeper":1,"minecraft:trader_llama":1,"minecraft:zombie":1,"minecraft:enderman":1},"minecraft:dropped":{"exdeorum:basalt_pebble":35,"minecraft:wheat_seeds":1,"exdeorum:deepslate_pebble":51,"allthecompressed:cobblestone_1x":52,"exdeorum:mycelium_spores":1,"minecraft:diamond":25,"minecraft:oak_fence":1,"minecraft:lead":2,"minecraft:leather":1,"constructionwand:stone_wand":4,"botania:flower_bag":1,"everlastingabilities:ability_totem":1,"exdeorum:iron_mesh":1,"minecraft:flint":20,"minecraft:dirt":25,"constructionwand:diamond_wand":1,"minecraft:wooden_hoe":1,"exdeorum:grass_seeds":1,"exdeorum:silk_worm":2,"minecraft:wooden_axe":1,"tombstone:grave_dust":1,"exdeorum:crook":2,"exdeorum:granite_pebble":35,"minecraft:sand":1,"minecraft:bucket":1,"minecraft:gravel":2,"minecraft:pointed_dripstone":64,"minecraft:raw_iron":1,"minecraft:rotten_flesh":1,"botania:lexicon":1,"mysticalagriculture:inferium_essence":1,"apotheosis:gem":1,"minecraft:oak_sapling":16,"exdeorum:diorite_pebble":32,"minecraft:basalt":5,"exdeorum:andesite_pebble":45,"exdeorum:blackstone_pebble":32,"minecraft:stone_pickaxe":1,"minecraft:oak_leaves":52,"minecraft:netherrack":64},"minecraft:picked_up":{"minecraft:wooden_axe":1,"exdeorum:gold_ore_chunk":420,"minecraft:crafting_table":1,"minecraft:coarse_dirt":1,"minecraft:wheat":30,"exdeorum:dust":193,"minecraft:clay_ball":52,"minecraft:lead":3,"exdeorum:iron_ore_chunk":646,"exdeorum:oak_barrel":2,"exdeorum:blackstone_pebble":1495,"minecraft:oak_trapdoor":2,"minecraft:string":128,"exdeorum:string_mesh":2,"exdeorum:granite_pebble":143,"minecraft:wooden_sword":1,"mysticalagriculture:inferium_essence":1,"cobblefordays:tier_1":1,"exdeorum:iron_mesh":12,"minecraft:cobblestone_slab":7,"exdeorum:zinc_ore_chunk":245,"minecraft:sugar_cane":223,"xycraft_world:xychorium_gem_green":4,"minecraft:phantom_membrane":3,"minecraft:furnace":1,"apotheosis:gem":1,"minecraft:stick":110,"botania:lexicon":2,"minecraft:raw_iron":65,"minecraft:oak_fence":3,"minecraft:torch":11,"minecraft:pointed_dripstone":191,"minecraft:redstone":84,"exdeorum:silk_worm":15,"minecraft:rotten_flesh":1,"xycraft_world:xychorium_gem_blue":2,"ae2:certus_quartz_dust":48,"exdeorum:diorite_pebble":100,"exdeorum:tin_ore_chunk":372,"exdeorum:crushed_netherrack":576,"exdeorum:andesite_pebble":115,"minecraft:obsidian":4,"minecraft:blaze_powder":108,"minecraft:cobblestone":2272,"exdeorum:stone_barrel":1,"exdeorum:crook":1,"exdeorum:osmium_ore_chunk":218,"minecraft:cooked_beef":16,"exdeorum:basalt_pebble":1124,"minecraft:basalt":5,"minecraft:magma_cream":47,"minecraft:leather":1,"enderio:grains_of_infinity":63,"forcecraft:force_gem":50,"minecraft:flint":818,"minecraft:oak_log":429,"botania:flower_bag":1,"minecraft:gunpowder":138,"minecraft:wooden_hoe":2,"minecraft:lapis_lazuli":405,"exdeorum:nickel_ore_chunk":331,"minecraft:dirt":115,"tombstone:gift":1,"botania:light_gray_petal":3,"ae2:sky_dust":55,"minecraft:bone":1,"minecraft:apple":11,"minecraft:wheat_seeds":52,"ftbquests:book":1,"minecraft:raw_gold":74,"exdeorum:stone_pebble":630,"minecraft:iron_ingot":9,"everlastingabilities:ability_totem":1,"minecraft:iron_ore":24,"mcwtrpdoors:oak_glass_trapdoor":11,"minecraft:glowstone_dust":75,"minecraft:oak_slab":3,"allthecompressed:sand_1x":1,"exdeorum:deepslate_pebble":117,"functionalstorage:compacting_drawer":2,"exdeorum:lead_ore_chunk":345,"allthecompressed:gravel_1x":1,"xycraft_world:xychorium_gem_red":3,"minecraft:quartz":82,"minecraft:gravel":4166,"minecraft:lava_bucket":2,"exdeorum:flint_mesh":12,"minecraft:sand":758,"minecraft:amethyst_shard":279,"minecraft:white_bed":8,"forcecraft:recovery_heart":1,"exdeorum:silver_ore_chunk":419,"exdeorum:wooden_watering_can":1,"xycraft_world:xychorium_gem_dark":2,"exdeorum:warped_nylium_spores":49,"xycraft_world:xychorium_gem_light":1,"minecraft:clay":22,"exdeorum:aluminum_ore_chunk":326,"minecraft:diamond":123,"constructionwand:stone_wand":2,"minecraft:bone_meal":74,"exdeorum:crimson_nylium_spores":44,"exdeorum:copper_ore_chunk":489,"minecraft:emerald":92,"minecraft:oak_sapling":157,"minecraft:netherrack":1,"minecraft:coal":884,"minecraft:oak_leaves":230,"functionalstorage:oak_1":1,"minecraft:ender_pearl":5},"minecraft:crafted":{"minecraft:coarse_dirt":40,"minecraft:oak_planks":326,"minecraft:cobblestone_slab":96,"functionalstorage:simple_compacting_drawer":2,"minecraft:barrel":1,"alltheores:aluminum_ingot":0,"minecraft:iron_nugget":9,"alltheores:constantan_ingot":0,"pipez:item_pipe":16,"minecraft:sand":1,"alltheores:invar_dust":12,"minecraft:furnace":3,"minecraft:piston":5,"ironfurnaces:iron_furnace":1,"croptopia:toast":0,"exdeorum:unfired_porcelain_crucible":1,"xycraft_machines:extractor":1,"allthecompressed:cobblestone_1x":484,"pipez:fluid_pipe":16,"minecraft:glass_pane":16,"alltheores:osmium_ore":64,"allthecompressed:gravel_1x":247,"thermal:slag":44,"minecraft:basalt":259,"mekanism:basic_tier_installer":1,"minecraft:glass":1,"thermal:upgrade_augment_1":2,"alltheores:aluminum_ore":64,"alltheores:nickel_ore":64,"exdeorum:string_mesh":19,"allthecompressed:sand_1x":84,"minecraft:stone_pickaxe":2,"minecraft:chest":16,"alltheores:constantan_dust":24,"alltheores:gold_gear":2,"exdeorum:stone_hammer":20,"exdeorum:iron_mesh":13,"exdeorum:porcelain_crucible":1,"functionalstorage:oak_1":1,"dankstorage:dank_1":1,"minecraft:magma_block":1,"minecraft:dropper":2,"cobblefordays:tier_2":1,"minecraft:coal_block":35,"constructionwand:diamond_wand":2,"exdeorum:golden_mesh":11,"minecraft:oak_slab":36,"exdeorum:oak_barrel":4,"xycraft_machines:port_fluid":2,"minecraft:diamond_axe":1,"minecraft:crafting_table":3,"minecraft:gold_ore":47,"pickletweaks:flint_shears":3,"minecraft:gravel":168,"alltheores:invar_ingot":0,"alltheores:aluminum_nugget":9,"craftingstation:crafting_station":4,"exdeorum:compressed_stone_hammer":11,"minecraft:copper_ore":128,"minecraft:bucket":4,"mcwtrpdoors:oak_glass_trapdoor":16,"minecraft:campfire":2,"minecraft:bread":10,"cobblefordays:tier_1":1,"minecraft:air":4384,"exdeorum:crook":17,"exdeorum:oak_crucible":4,"exdeorum:porcelain_clay_ball":8,"thermal:redstone_servo":2,"minecraft:white_wool":15,"minecraft:wooden_hoe":1,"minecraft:cobblestone":117,"exdeorum:flint_mesh":19,"constructionwand:stone_wand":6,"minecraft:stick":117,"minecraft:iron_ingot":44,"minecraft:blackstone":345,"exdeorum:dust":128,"minecraft:iron_ore":144,"minecraft:gold_ingot":0,"exdeorum:oak_sieve":19,"minecraft:white_bed":4,"thermal:device_rock_gen":2,"exdeorum:compressed_dust":64,"minecraft:torch":7,"alltheores:constantan_gear":2,"absentbydesign:slab_wool_white":6}},"DataVersion":3465}