{"stats":{"minecraft:custom":{"minecraft:jump":24,"minecraft:time_since_rest":2002,"minecraft:leave_game":1,"minecraft:damage_dealt":20,"minecraft:walk_on_water_one_cm":532,"minecraft:sprint_one_cm":4623,"minecraft:play_time":2002,"minecraft:time_since_death":2002,"minecraft:walk_one_cm":2944,"minecraft:total_world_time":2002,"minecraft:walk_under_water_one_cm":72,"minecraft:swim_one_cm":1561,"minecraft:fall_one_cm":687,"minecraft:fly_one_cm":6128},"minecraft:picked_up":{"minecraft:sand":5,"minecraft:dark_oak_log":3,"minecraft:dirt":4},"minecraft:mined":{"minecraft:grass_block":3,"minecraft:dark_oak_log":3,"minecraft:sand":5,"minecraft:dirt":1},"minecraft:used":{"minecraft:sand":5,"minecraft:dirt":2}},"DataVersion":3120}