{"stats":{"minecraft:custom":{"minecraft:time_since_rest":2520,"minecraft:crouch_one_cm":32,"minecraft:sprint_one_cm":5043,"minecraft:play_time":2520,"minecraft:walk_one_cm":3837,"minecraft:sneak_time":14,"minecraft:walk_under_water_one_cm":72,"minecraft:jump":25,"minecraft:damage_dealt":20,"minecraft:leave_game":3,"minecraft:walk_on_water_one_cm":532,"minecraft:time_since_death":2520,"minecraft:total_world_time":2520,"minecraft:swim_one_cm":1561,"minecraft:fall_one_cm":687,"minecraft:fly_one_cm":6379},"minecraft:used":{"minecraft:dirt":2,"minecraft:sand":5},"minecraft:mined":{"minecraft:grass_block":3,"minecraft:sand":6,"minecraft:dirt":1,"minecraft:dark_oak_log":3},"minecraft:picked_up":{"minecraft:sand":6,"minecraft:dark_oak_log":3,"minecraft:dirt":4}},"DataVersion":3120}