{"stats":{"minecraft:custom":{"minecraft:interact_with_furnace":4,"minecraft:mob_kills":1,"tombstone:raider_killed":1,"minecraft:interact_with_crafting_table":12,"minecraft:leave_game":1,"minecraft:time_since_death":88071,"minecraft:sleep_in_bed":1,"minecraft:climb_one_cm":2870,"minecraft:time_since_rest":19143,"minecraft:sprint_one_cm":83650,"minecraft:damage_taken":77,"minecraft:walk_one_cm":293772,"minecraft:drop":27,"minecraft:use_wand":40,"minecraft:damage_dealt":139,"minecraft:fly_one_cm":46602,"minecraft:open_chest":58,"minecraft:crouch_one_cm":1770,"minecraft:play_time":88071,"tombstone:undead_killed":1,"minecraft:sneak_time":796,"minecraft:jump":476,"minecraft:total_world_time":88071,"minecraft:fall_one_cm":7855},"minecraft:broken":{"exdeorum:crook":5},"minecraft:mined":{"minecraft:oak_sapling":1,"exdeorum:infested_leaves":405,"minecraft:cobblestone":102,"minecraft:gravel":3,"minecraft:sand":3,"exdeorum:oak_sieve":9,"allthecompressed:cobblestone_1x":116,"minecraft:oak_leaves":390},"minecraft:used":{"exdeorum:oak_sieve":9,"exdeorum:crook":759,"allthecompressed:cobblestone_1x":43,"minecraft:sand":3,"exdeorum:silk_worm":7,"minecraft:wooden_axe":139,"minecraft:gravel":3,"exdeorum:oak_crucible":1,"minecraft:cobblestone":102,"exdeorum:stone_hammer":108,"minecraft:oak_sapling":23,"constructionwand:diamond_wand":7,"exdeorum:compressed_stone_hammer":116,"minecraft:cooked_beef":4},"minecraft:killed":{"minecraft:phantom":1},"minecraft:dropped":{"minecraft:wheat_seeds":1,"botania:light_gray_petal":3,"exdeorum:copper_ore_chunk":1,"exdeorum:silver_ore_chunk":3,"botania:flower_bag":1,"minecraft:coal":2,"exdeorum:gold_ore_chunk":4,"botania:lexicon":1,"exdeorum:tin_ore_chunk":1,"exdeorum:aluminum_ore_chunk":1,"minecraft:oak_sapling":8,"ftbquests:book":1},"minecraft:picked_up":{"exdeorum:gold_ore_chunk":6,"exdeorum:osmium_ore_chunk":5,"exdeorum:mycelium_spores":1,"constructionwand:diamond_wand":1,"exdeorum:dust":3,"exdeorum:iron_ore_chunk":11,"minecraft:flint":11,"minecraft:oak_log":189,"botania:flower_bag":1,"exdeorum:grass_seeds":1,"exdeorum:blackstone_pebble":4,"exdeorum:nickel_ore_chunk":12,"minecraft:lapis_lazuli":6,"minecraft:string":200,"exdeorum:string_mesh":9,"minecraft:apple":2,"minecraft:wheat_seeds":1,"exdeorum:oak_sieve":9,"exdeorum:zinc_ore_chunk":4,"allthecompressed:cobblestone_1x":52,"minecraft:stick":26,"botania:lexicon":1,"exdeorum:lead_ore_chunk":8,"minecraft:gravel":914,"minecraft:sand":3,"minecraft:amethyst_shard":3,"exdeorum:silver_ore_chunk":5,"exdeorum:silk_worm":7,"forbidden_arcanus:ender_pearl_fragment":7,"exdeorum:aluminum_ore_chunk":6,"minecraft:diamond":3,"exdeorum:tin_ore_chunk":8,"exdeorum:copper_ore_chunk":7,"minecraft:emerald":4,"minecraft:oak_sapling":50,"minecraft:netherrack":64,"minecraft:coal":10,"minecraft:oak_leaves":22},"minecraft:crafted":{"minecraft:oak_slab":28,"minecraft:oak_planks":144,"minecraft:wooden_pickaxe":1,"pickletweaks:flint_shears":1,"exdeorum:compressed_stone_hammer":1,"minecraft:air":931,"exdeorum:crook":20,"exdeorum:oak_crucible":1,"exdeorum:string_mesh":19,"minecraft:stick":50,"exdeorum:oak_sieve":52,"minecraft:oak_button":2,"exdeorum:stone_hammer":10}},"DataVersion":3465}