{"stats":{"minecraft:mined":{"minecraft:cherry_log":1,"minecraft:fire":1,"minecraft:cobblestone_slab":3,"minecraft:stripped_oak_log":3,"exdeorum:infested_leaves":96,"minecraft:torch":2,"framedblocks:framed_stairs":1,"minecraft:cobblestone":31,"minecraft:wheat":161,"minecraft:oak_log":12,"minecraft:oak_fence_gate":1,"minecraft:gravel":1,"minecraft:dirt":1,"allthecompressed:cobblestone_1x":45,"minecraft:oak_leaves":97},"minecraft:crafted":{"minecraft:oak_planks":110,"alltheores:silver_ore":16,"minecraft:bow":1,"minecraft:diamond_leggings":1,"minecraft:iron_boots":1,"exdeorum:string_mesh":1,"croptopia:flour":21,"minecraft:diamond_boots":1,"exdeorum:stone_hammer":3,"minecraft:crafting_table":1,"minecraft:gravel":65,"minecraft:iron_helmet":1,"exdeorum:compressed_stone_hammer":2,"minecraft:air":712,"exdeorum:crook":24,"minecraft:oak_fence_gate":1,"minecraft:iron_chestplate":1,"minecraft:cobblestone":49,"minecraft:stick":86,"minecraft:iron_ingot":0,"minecraft:gold_ingot":1,"minecraft:iron_ore":11,"minecraft:iron_leggings":1,"minecraft:diamond_chestplate":1},"minecraft:killed_by":{"minecraft:enderman":1},"minecraft:picked_up":{"exdeorum:gold_ore_chunk":110,"functionalstorage:oak_1":3,"alltheores:steel_ingot":2,"alltheores:osmium_ingot":6,"minecraft:iron_chestplate":1,"minecraft:wheat":131,"constructionwand:diamond_wand":1,"minecraft:lead":1,"exdeorum:iron_ore_chunk":199,"exdeorum:blackstone_pebble":37,"minecraft:string":70,"exdeorum:granite_pebble":36,"mysticalagriculture:inferium_essence":10,"botania:black_petal":3,"minecraft:cobblestone_slab":28,"minecraft:redstone_torch":2,"exdeorum:zinc_ore_chunk":110,"minecraft:iron_nugget":8,"exdeorum:compressed_stone_hammer":1,"allthecompressed:cobblestone_1x":64,"minecraft:sugar_cane":1,"minecraft:iron_boots":1,"minecraft:raw_iron":3,"minecraft:stick":17,"apotheosis:gem":1,"minecraft:torch":6,"minecraft:cherry_log":3,"tombstone:grave_dust":2,"minecraft:redstone":17,"exdeorum:silk_worm":4,"minecraft:arrow":4,"minecraft:rotten_flesh":7,"ae2:certus_quartz_dust":1,"exdeorum:diorite_pebble":43,"exdeorum:tin_ore_chunk":122,"exdeorum:andesite_pebble":47,"everlastingabilities:ability_bottle":2,"minecraft:blaze_powder":1,"minecraft:white_wool":1,"minecraft:stripped_oak_log":2,"exdeorum:osmium_ore_chunk":59,"exdeorum:crook":1,"exdeorum:basalt_pebble":43,"minecraft:leather":2,"enderio:grains_of_infinity":1,"forcecraft:force_gem":4,"minecraft:flint":130,"minecraft:oak_log":49,"botania:flower_bag":1,"minecraft:gunpowder":9,"minecraft:dirt":1,"minecraft:wooden_hoe":2,"minecraft:lapis_lazuli":137,"exdeorum:nickel_ore_chunk":97,"ae2:sky_dust":1,"minecraft:bone":6,"minecraft:apple":1,"minecraft:bow":1,"minecraft:wheat_seeds":378,"minecraft:raw_gold":8,"exdeorum:stone_pebble":234,"minecraft:oak_fence_gate":1,"minecraft:iron_ingot":17,"everlastingabilities:ability_totem":1,"forcecraft:pile_of_gunpowder":2,"alltheores:tin_ore":1,"minecraft:oak_planks":54,"minecraft:book":6,"silentgear:fine_silk":1,"exdeorum:deepslate_pebble":51,"exdeorum:lead_ore_chunk":96,"allthecompressed:gravel_1x":192,"minecraft:gravel":1401,"minecraft:amethyst_shard":62,"forcecraft:recovery_heart":2,"exdeorum:silver_ore_chunk":116,"minecraft:spider_eye":3,"forbidden_arcanus:ender_pearl_fragment":3,"minecraft:pumpkin_seeds":9,"exdeorum:aluminum_ore_chunk":99,"minecraft:diamond":47,"constructionwand:stone_wand":1,"minecraft:cherry_wood":1,"minecraft:iron_helmet":2,"minecraft:bone_meal":2,"exdeorum:copper_ore_chunk":114,"minecraft:emerald":49,"minecraft:bread":8,"minecraft:oak_sapling":7,"minecraft:coal":163,"framedblocks:framed_stairs":1,"minecraft:ender_pearl":1},"minecraft:killed":{"minecraft:spider":1,"forcecraft:angry_enderman":1,"minecraft:skeleton":4,"forcecraft:creeper_tot":1,"forcecraft:ender_tot":1,"minecraft:zombie":3,"minecraft:enderman":2},"minecraft:custom":{"minecraft:mob_kills":15,"minecraft:interact_with_crafting_table":6,"minecraft:damage_dealt_resisted":0,"minecraft:leave_game":4,"minecraft:time_since_death":11050,"minecraft:climb_one_cm":2399,"minecraft:sprint_one_cm":200090,"minecraft:walk_one_cm":485924,"minecraft:drop":87,"minecraft:talked_to_villager":9,"minecraft:play_time":177432,"minecraft:deaths":4,"minecraft:sneak_time":3884,"minecraft:jump":417,"minecraft:walk_on_water_one_cm":406,"minecraft:total_world_time":177432,"minecraft:interact_with_furnace":24,"minecraft:traded_with_villager":1,"minecraft:sleep_in_bed":1,"minecraft:time_since_rest":10681,"minecraft:damage_taken":23858,"minecraft:damage_dealt":3608,"minecraft:fly_one_cm":80172,"minecraft:open_chest":220,"minecraft:crouch_one_cm":4419,"tombstone:undead_killed":7,"minecraft:fall_one_cm":342547},"minecraft:used":{"minecraft:iron_sword":97,"exdeorum:crook":97,"allthecompressed:cobblestone_1x":45,"ftbquests:book":1,"minecraft:torch":8,"exdeorum:silk_worm":2,"minecraft:oak_fence_gate":2,"minecraft:wooden_axe":108,"minecraft:iron_helmet":4,"minecraft:bow":2,"exdeorum:stone_hammer":34,"minecraft:oak_sapling":10,"tombstone:gift":2,"minecraft:cooked_beef":15,"minecraft:wheat_seeds":232,"minecraft:stone_pickaxe":5,"minecraft:ender_pearl":1,"minecraft:cobblestone_slab":23,"minecraft:crafting_table":1,"minecraft:spider_eye":1,"minecraft:redstone_torch":2,"exdeorum:wooden_watering_can":1,"minecraft:wooden_hoe":35,"minecraft:bread":1,"minecraft:gravel":1,"minecraft:wooden_sword":29,"minecraft:cobblestone":17,"exdeorum:compressed_stone_hammer":45},"minecraft:dropped":{"minecraft:oak_slab":4,"minecraft:wheat_seeds":36,"minecraft:cherry_log":2,"minecraft:oak_log":2,"exdeorum:zinc_ore_chunk":1,"minecraft:cobblestone":62,"minecraft:iron_helmet":1,"forcecraft:pile_of_gunpowder":2,"constructionwand:stone_wand":1,"minecraft:apple":1,"everlastingabilities:ability_bottle":2,"minecraft:emerald":2,"alltheores:osmium_ingot":6,"minecraft:dirt":10,"constructionwand:diamond_wand":1,"framedblocks:framed_stairs":1,"minecraft:wooden_hoe":2,"exdeorum:crook":1,"minecraft:bone_meal":2,"minecraft:string":19,"exdeorum:stone_pebble":1,"exdeorum:lead_ore_chunk":5,"minecraft:bone":1,"minecraft:redstone":8,"minecraft:cherry_wood":1,"minecraft:gravel":257,"minecraft:sugar_cane":1,"minecraft:iron_nugget":8,"minecraft:oak_planks":54,"minecraft:iron_boots":1,"minecraft:blaze_powder":1,"exdeorum:silver_ore_chunk":1,"minecraft:pumpkin_seeds":9,"ae2:sky_dust":1,"mekanism:alloy_infused":1,"minecraft:cobblestone_slab":33,"minecraft:gunpowder":6,"forcecraft:force_gem":4,"minecraft:iron_chestplate":1,"minecraft:oak_sapling":1,"ae2:certus_quartz_dust":1,"minecraft:spider_eye":1,"minecraft:barrel":1,"minecraft:bow":1,"minecraft:arrow":2,"exdeorum:blackstone_pebble":1,"minecraft:raw_gold":1,"alltheores:steel_ingot":2}},"DataVersion":3465}