{
  "simplyjetpacks:vanilla/root_vanilla": {
    "criteria": {
      "code_trigger": "2024-06-09 20:32:13 -0430"
    },
    "done": true
  },
  "nuclearcraft:root": {
    "criteria": {
      "location": "2024-06-09 20:32:14 -0430"
    },
    "done": true
  },
  "astralsorcery:root": {
    "criteria": {
      "astralsorcery_present": "2024-06-09 20:32:16 -0430"
    },
    "done": true
  },
  "simplyjetpacks:eio/root_eio": {
    "criteria": {
      "code_trigger": "2024-06-09 20:32:13 -0430"
    },
    "done": true
  },
  "tombstone:tutorial/root": {
    "criteria": {
      "auto": "2024-06-09 20:32:14 -0430"
    },
    "done": true
  },
  "galacticraftcore:galacticraft/root": {
    "criteria": {
      "tick": "2024-06-09 20:32:16 -0430"
    },
    "done": true
  },
  "rockcandy:recipes/root": {
    "criteria": {
      "auto": "2024-06-09 20:32:14 -0430"
    },
    "done": true
  },
  "simplyjetpacks:ie/root_ie": {
    "criteria": {
      "code_trigger": "2024-06-09 20:32:13 -0430"
    },
    "done": true
  },
  "simplyjetpacks:te/root_te": {
    "criteria": {
      "code_trigger": "2024-06-09 20:32:13 -0430"
    },
    "done": true
  },
  "simplyjetpacks:mek/root_mek": {
    "criteria": {
      "code_trigger": "2024-06-09 20:32:13 -0430"
    },
    "done": true
  },
  "minecraft:adventure/adventuring_time": {
    "criteria": {
      "taiga": "2024-06-09 20:32:14 -0430"
    },
    "done": false
  },
  "simplyjetpacks:root": {
    "criteria": {
      "code_trigger": "2024-06-09 20:32:13 -0430"
    },
    "done": true
  }
}